Workbook

Sheet Detail Produk
A1: Nama Produk | B1: Nama Brand UMKM | C1: Nama Pemilik | D1: Deskripsi Produk | E1: Foto Produk

Sheet Legalitas
A1: Nama Produk | B1: Nama Brand UMKM | C1: NIB (Ya/Tidak) | D1: No NIB | E1: BPOM (Ya/Tidak) | F1: Tipe BPOM (MD/ML) | G1: No BPOM | H1: SP-PIRT (Ya/Tidak) | I1: No SP-PIRT (15 digit) | J1: Halal (Ya/Tidak) | K1: No Halal (13 digit) | L1: Keterangan
A2: ='Detail Produk'!A2 | B2: ='Detail Produk'!B2
A3: ='Detail Produk'!A3 | B3: ='Detail Produk'!B3
A4: ='Detail Produk'!A4 | B4: ='Detail Produk'!B4
A5: ='Detail Produk'!A5 | B5: ='Detail Produk'!B5
A6: ='Detail Produk'!A6 | B6: ='Detail Produk'!B6
A7: ='Detail Produk'!A7 | B7: ='Detail Produk'!B7
A8: ='Detail Produk'!A8 | B8: ='Detail Produk'!B8
A9: ='Detail Produk'!A9 | B9: ='Detail Produk'!B9
A10: ='Detail Produk'!A10 | B10: ='Detail Produk'!B10
A11: ='Detail Produk'!A11 | B11: ='Detail Produk'!B11
A12: ='Detail Produk'!A12 | B12: ='Detail Produk'!B12
A13: ='Detail Produk'!A13 | B13: ='Detail Produk'!B13
... A101: ='Detail Produk'!A101 | B101: ='Detail Produk'!B101
